{
  "multipart": [
    {
      "apply": {
        "model": "regions_unexplored:block/eucalyptus_wood",
        "x": 90,
        "y": 90
      },
      "when": {
        "axis": "x"
      }
    },
    {
      "apply": {
        "model": "regions_unexplored:block/eucalyptus_wood_overlay",
        "x": 90,
        "y": 90
      },
      "when": {
        "axis": "x"
      }
    },
    {
      "apply": {
        "model": "regions_unexplored:block/eucalyptus_wood"
      },
      "when": {
        "axis": "y"
      }
    },
    {
      "apply": {
        "model": "regions_unexplored:block/eucalyptus_wood_overlay"
      },
      "when": {
        "axis": "y"
      }
    },
    {
      "apply": {
        "model": "regions_unexplored:block/eucalyptus_wood",
        "x": 90
      },
      "when": {
        "axis": "z"
      }
    },
    {
      "apply": {
        "model": "regions_unexplored:block/eucalyptus_wood_overlay",
        "x": 90
      },
      "when": {
        "axis": "z"
      }
    }
  ]
}