{
  "variants": {
    "": [
      {
        "model": "regions_unexplored:block/golden_larch_leaves"
      },
      {
        "model": "regions_unexplored:block/golden_larch_leaves"
      },
      {
        "model": "regions_unexplored:block/golden_larch_leaves"
      },
      {
        "model": "regions_unexplored:block/golden_larch_leaves"
      },
      {
        "model": "regions_unexplored:block/golden_larch_leaves"
      },
      {
        "model": "regions_unexplored:block/golden_larch_leaves"
      },
      {
        "model": "regions_unexplored:block/golden_larch_leaves_cone"
      }
    ]}
}