{
  "variants": {
    "snowy=false": [
      {
        "model": "regions_unexplored:block/peat_podzol"
      },
      {
        "model": "regions_unexplored:block/peat_podzol",
        "y": 90
      },
      {
        "model": "regions_unexplored:block/peat_podzol",
        "y": 180
      },
      {
        "model": "regions_unexplored:block/peat_podzol",
        "y": 270
      }
    ],
    "snowy=true": {
      "model": "regions_unexplored:block/peat_grass_block_snow"
    }
  }
}